card_name,flavortext,lotr_quote,book,chapter,row
Second Breakfast,the hobbits of the shire were fond of six meals a day,"and laugh they did, and eat, and drink, often and heartily, being fond of simple jests at all times, and of six meals a day (when they could get them).",fs,1,67
Swords to Plowshares,"Anything that Hobbits had no immediate use for, but were unwilling to throw away, they called a mathom. Their dwellings were apt to become rather crowded with mathoms.","the mathom-house it was called; for anything that hobbits had no immediate use for, but were unwilling to throw away, they called a mathom.",fs,1,237
Prize Pig,The habit of building farmhouses and barns began among the inhabitants of the Marish down by the Brandywine.,the habit of building farmhouses and barns was said to have begun among the inhabitants of the marish down by the brandywine.,fs,1,278
Command Tower,The Hobbits of the Westfarthing said that one could see the Sea from the top of that tower; but no Hobbit had ever been known to climb it.,the hobbits of the westfarthing said that one could see the sea from the lop of that tower; but no hobbit had ever been known to climb it.,fs,1,297
Sandsteppe Citadel,"The houses and the holes of Shire-Hobbits were often large, and inhabited by large families. Sometimes many generations of relatives lived in comparative peace together in one ancestral and many-tunneled mansion.","the houses and the holes of shire-hobbits were often large, and inhabited by large families.",fs,1,321
Horizon Canopy,"It was popularly believed, as local legend, that the Hill at Bag End was full of tunnels stuffed with treasure.","the riches he had brought back from his travels had now become a local legend, and it was popularly believed, whatever the old folk might say, that the hill at bag end was full of tunnels stuffed with treasure.",fs,5,17
The Gaffer,"On the growing of vegetables, especially potatoes, Master Hamfast Gamgee was recognized as the leading authority by all in the neighborhood.","with perfect truth: for bilbo was very polite to him, calling himmaster hamfast, and consulting him constantly upon the growing of vegetables - in the matter ofroots, especially potatoes, the gaffer was recognized as the leading authority by all in the neighbourhood (including himself).",fs,5,79
Chromatic Lantern,"Gandalfâ€™s fame in the Shire was due mainly to his skill with fires, smokes, and lights.","that was gandalf s mark, of course, and the old man was gandalf the wizard, whose fame in the shire was due mainly to his skill with fires, smokes, and lights.",fs,5,221
Sunpetal Grove,"The flowers glowed red and golden: snapdragons and sunflowers, and nasturtians trailing all over the turf walls and peeping in at the round windows.","the flowers glowed red and golden: snap-dragons and sun-flowers, and nasturtiums trailing all over the turf walls and peeping in at the round windows.",fs,5,246
Shire Scarecrow,how bright your garden looks,how bright your garden looks!,fs,5,248
Delighted Halfling,there were toys the hobbitchildren had never seen before all beautiful and some obviously magical,"there were toys the like of which they had never seen before, all beautiful and some obviously magical.",fs,5,333
Feasting Hobbit,"His name, of course, was Proudfoot.","His name, of course, was Proudfoot.",fs,5,449
"Bilbo, Retired Burglar",i donâ€™t know half of you half as well as i should like and i like less than half of you half as well as you deserve,/ dont know half of you half as well as i should like; and i like less than half of you half as well as you deserve.,fs,5,488
Birthday Escape,as bilbo finished his speech he slipped the ring on his finger and he was never seen by any hobbit in hobbiton again,"as he stepped down he slipped it on his finger, and he was never seen by any hobbit in hobbiton again.",fs,5,569
Rogue's Passage,"Iâ€™m leaving; for somewhere where I can finish my book, perhaps. I have thought of a nice ending for it: â€˜And he lived happily ever after to the end of his days.â€™
",i have thought of a nice ending for it: and he lived happily ever after to the end of his days.,fs,5,640
Arcane Signet,"Magic rings are, well, magical; and they are rare and curious.
","magic rings are - well, magical; and they are rare and curious.",fs,5,688
Inherited Envelope,keep it secret and keep it safe,"keep it safe for me, sam.",fs,5,879
Olog-hai Crusher,trolls were abroad no longer dullwitted but cunning and armed with dreadful weapons,"trolls were abroad, no longer dull-witted, but cunning and armed with dreadful weapons.",fs,6,103
Inferno Titan,"I daresay thereâ€™s more truth in some of them stories than you reckon.
","no doubt you can, retorted sam,and i daresay there's more truth in some of them than you reckon.",fs,6,124
Grey Havens Navigator,it was an old tradition that beyond the shire stood the grey havens from which at times elvenships set sail never to return,"but it was an old tradition that away over there stood the grey havens, from which at times elven-ships set sail, never to return.",fs,6,172
Shire Terrace,everything looked fresh and the new green of spring was shimmering in the fields,"everything looked fresh, and the new green of spring was shimmering in the fields and on the tips of the trees fingers.",fs,6,240
Boon of the Wish-Giver,"Three Rings for the Elven-kings under the sky,
Seven for the Dwarf-lords in their halls of stone,
Nine for Mortal Men doomed to die,
One for the Dark Lord on his dark throne
In the Land of Mordor where the Shadows lie.","it is only two lines of a verse long known in elven-lore: three rings for the elven-kings under the sky, seven for the dwarf-lords in their halls of stone, nine for mortal men doomed to die, one for the dark lord on his dark throne in the land of mordor where the shadows lie.",fs,6,471
Arcane Denial,"Last night I told you of Sauron, the Dark Lord. The rumors are true: he has arisen again.
",the rumours that you have heard are true: he has indeed arisen again and left his hold in mirkwood and returned to his ancient fastness in the dark tower of mordor.,fs,6,495
Knollspine Dragon,"Of the seven Rings of Power the Dwarf-kings possessed, three Sauron has recovered, and the others the dragons have consumed.","seven the dwarf-kings possessed, but three he has recovered, and the others the dragons have consumed.",fs,6,519
Claim the Precious,i think it is a sad story and it might have happened to others even to some hobbits that i have known,"i think it is a sad story, said the wizard,and it might have happened to others, even to some hobbits that i have known.",fs,6,679
"Gollum, Obsessed Stalker","He hated the Ring and loved it, as he hated and loved himself.","he hated it and loved it, as he hated and loved himself.",fs,6,731
"Strider, Ranger of the North",the greatest traveler and huntsman of this age of the world,"and my search would have been in vain, but for the help that i had from a friend: aragorn, the greatest traveller and huntsman of this age of the world.",fs,6,895
Gollum's Bite,it was pity that stayed bilboâ€™s hand do not be too eager to deal out death in judgment gollum has some part to play yet before the end,then do not be too eager to deal out death in judgement.,fs,6,968
Graypelt Refuge,"As long as the Shire remains safe, I shall find wandering more bearable; somewhere there is a firm foothold, even if I cannot return.
","i feel that as long as the shire lies behind, safe and comfortable, i shall find wandering more bearable: i shall know that somewhere there is a firm foothold, even if my feet cannot stand there again.",fs,6,1111
"Gandalf, Friend of the Shire",after a hundred years hobbits can still surprise you at a pinch,"you can learn all that there is to know about their ways in a month, and yet after a hundred years they can still surprise you at a pinch.",fs,6,1129
Mirkwood Bats,the enemy has many spies and many ways of hearing,the enemy has many spies and many ways of hearing.,fs,6,1146
Canopy Vista,"The Shire had seldom seen so fair a summer, or so rich an autumn; the trees were laden with apples, honey was dripping in the combs, and the corn was tall and full.","the shire had seldom seen so fair a summer, or so rich an autumn: the trees were laden with apples, honey was dripping in the combs, and the corn was tall and full.",fs,7,141
Peregrin Took,sam get breakfast ready for halfpast nine,gel breakfast ready for half-past nine!,fs,7,420
Farseek,"Itâ€™s a dangerous business, Frodo, going out of your door. You step into the Road, and if you donâ€™t keep your feet, there is no knowing where you might be swept off to.
","""you step into the road, and if you dont keep your feet, there is no knowing where you might be swept off to.",fs,7,506
Forbidden Alchemy,"Do not meddle in the affairs of Wizards, for they are subtle and quick to anger.","but it is said: do not meddle in the affairs of wizards, for they are subtle and quick to anger.",fs,7,1105
Chance-Met Elves,it is said â€˜go not to the elves for counsel for they will say both no and yesâ€™,"and it is also said, answered frodo:go not to the elves for counsel, for they will say both no and yes.",fs,7,1108
Essence Warden,"Elves seldom give unguarded advice, for advice is a dangerous gift, even from the wise to the wise.
","elves seldom give unguarded advice, for advice is a dangerous gift, even from the wise to the wise, and all courses may run ill.",fs,7,1112
Brushland,"Shortcuts make long delays. The country is rough round here, and there are bogs and all kinds of difficulties down in the Marish.
","the country is rough round here, and there are bogs and all kinds of difficulties down in the marish -i know the land in these parts.",fs,8,144
Cultivate,"Suddenly as they drew nearer, a terrific baying and barking broke out, and a loud voice was heard shouting: Grip! Fang! Wolf! Come on, lads!","suddenly as they drew nearer a terrific baying and barking broke out, and a loud voice was heard shouting:grip!",fs,8,369
Mushroom Watchdogs,they wonâ€™t harm you,they wont harm you - not unless i tellem to.,fs,8,405
"Oboro, Palace in the Clouds",The Brandywine flowed slow and broad before them. A large flat ferry-boat was moored beside the landing.,a large flat ferry-boat was moored beside it.,fs,9,11
Harmonize,"Sing hey! for the bath at close of day
that washes the weary mud away!
A loon is he that will not sing:
O! Water Hot is a noble thing!
",for the bath at close of day that washes the weary mud away!,fs,9,181
Meriadoc Brandybuck,my dear old hobbit you donâ€™t allow for the inquisitiveness of friends i have known about the existence of the ring for years,"my dear old hobbit, you dont allow for the inquisitiveness of friends.",fs,9,358
Thornwood Falls,"To Rivendell, where Elves yet dwell
In glades beneath the misty fell.
","to rivendell, where elves yet dwell in glades beneath the misty fell, through moor and waste we ride in haste, and whither then we cannot tell.",fs,9,467
Woodland Cemetery,The Barrow-downs had as sinister a reputation in Hobbit-legend as the Forest itself.,"that cheered them greatly; for it was good to see a sight of anything beyond the woods borders, though they did not mean to go that way, if they could help it: the barrow-downs had as sinister a reputation in hobbit-legend as the forest itself.",fs,10,263
Willow-Wind,the branches of the willow began to sway violently frodo called for help but he could hardly hear his own voice it was blown away from him by the willowwind and drowned in a clamor of leaves,"it seemed to him that he could hardly hear the sound of his own shrill voice: it was blown away from him by the willow-wind and drowned in a clamour of leaves, as soon as the words left his mouth.",fs,10,511
Bombadil's Song,hey dol merry dol ring a dong dillo ring a dong hop along fal lal the willow tom bom jolly tom tom bombadillo,fal lal the willow!,fs,10,522
"Goldberry, River-Daughter",fear nothing for tonight you are under the roof of tom bombadil,for tonight you are under the roof of tom bombadil.,fs,11,33
Bojuka Bog,There loomed against the westward stars a dark black shape: a great barrow stood there.,to his right there loomed against the westward stars a dark black shape.,fs,12,248
Crypt Incursion,"Suddenly a song began: a cold murmur, rising and falling, grim, cold, heartless and miserable. The night was railing against the morning of which it was bereaved, and the cold was cursing the warmth for which it hungered.","the night was railing against the morning of which it was bereaved, and the cold was cursing the warmth for which it hungered.",fs,12,309
Fog on the Barrow-Downs,cold be hand and heart and bone and cold be sleep under stone never more to wake on stony bed never till the sun fails and the moon is dead,"after a while the song became clearer, and with dread in his heart he perceived that it had changed into an incantation: cold be hand and heart and bone, and cold be sleep under stone: never mare to wake on stony bed, never, till the sun fails and the moon is dead.",fs,12,319
"Butterbur, Bree Innkeeper",i hope youâ€™ll be comfortable youâ€™ll be wanting supper i donâ€™t doubt as soon as may be this way now,hope youll be comfortable.,fs,13,256
Mentor of the Meek,"In a twinkling the table was laid. There was hot soup, cold meats, a blackberry tart, new loaves, slabs of butter, and half a ripe cheese: good plain food, as good as the Shire could show.","there was hot soup, cold meats, a blackberry tart, new loaves, slabs of butter, and half a ripe cheese: good plain food, as good as the shire could show, and homelike enough to dispel the last of sams misgivings (already much relieved by the excellence of the beer).",fs,13,281
Slip On the Ring,how had it come to be on his finger he wondered if the ring itself had not played him a trick,how it came to be on his finger he could not tell.,fs,13,642
Wayfarer's Bauble,"All that is gold does not glitter,
Not all those who wander are lost;
The old that is strong does not wither,
Deep roots are not reached by the frost.","all that is gold does not glitter, not all those who wander are lost; the old that is strong does not wither, deep roots are not reached by the frost.",fs,14,412
Great Hall of the Citadel,renewed shall be blade that was broken the crownless again shall be king,"from the ashes a fire shall be woken, a light from the shadows shall spring; renewed shall be blade that was broken, the crownless again shall be king.",fs,14,422
"Fear, Fire, Foes!",open in the name of mordor,open in the name of mordor,fs,15,27
Deserted Temple,"Amon SÃ»l they called it. It was burned and broken, and nothing remains of it now but a tumbled ring, like a rough crown on the old hillâ€™s head.","it was burned and broken, and nothing remains of it now but a tumbled ring, like a rough crown on the old hills head.",fs,15,501
Savvy Hunter,There is food in the wild. You need not be afraid of starving before winter comes.,you need not be afraid of starving before winter comes.,fs,15,791
Farhaven Elf,"The leaves were long, the grass was green,
The hemlock-umbels tall and fair,
And in the glade a light was seen
Of stars in shadow shimmering.
","he was silent for some time, and then he began not to speak but to chant softly: the leaves were long, the grass was green, the hemlock-umbels tall and fair, and in the glade a light was seen of stars in shadow shimmering.",fs,15,846
Ranger's Firebrand,keep close to the fire with your faces outward get some of the longer sticks ready in your hands,get some of the longer sticks ready in your hands!,fs,15,1038
Living Death,They seemed like black holes in the deep shade behind them. Frodo thought that he heard a faint hiss as of venomous breath and felt a thin piercing chill.,frodo thought that he heard a faint hiss as of venomous breath and felt a thin piercing chill.,fs,15,1063
Night's Whisper,"Frodo was hardly less terrified than his companions; he was quaking as if he was bitter cold, but his terror was swallowed up in a sudden temptation to put on the Ring.","frodo was hardly less terrified than his companions; he was quaking as if he was bitter cold, but his terror was swallowed up in a sudden temptation to put on the ring.",fs,15,1069
Ringsight,frodo was able to see beneath their black wrappings in their white faces burned keen and merciless eyes,he was able to see beneath their black wrappings.,fs,15,1082
Morgul-Knife Wound,frodo felt a pain like a dart of poisoned ice pierce his left shoulder,a shrill cry rang out in the night; and he felt a pain like a dart of poisoned ice pierce his left shoulder.,fs,15,1097
Shadowspear,"Few now have the skill in healing to match such evil weapons.
",few now have the skill in healing to match such evil weapons.,fs,16,75
Scattered Groves,"I have walked far to find these leaves; for this plant does not grow in the bare hills, but in the thickets away south of the Road.
","these leaves, he said,i have walked far to find; for this plant does not grow in the bare hills; but in the thickets away south of the road i found it in the dark by the scent of its leaves.",fs,16,85
Improvised Club,â€˜for a couple oâ€™ pinsâ€˜ says troll and grins iâ€™ll eat thee too and gnaw thy shinsâ€™,"for a couple o pins,' says troll, and grins, ill eat thee too, and gnaw thy shins.",fs,16,567
Horses of the Bruinen,the black horses were filled with madness and leaping forward in terror they bore their riders into the rushing flood,"the black horses were filled with madness, and leaping forward in terror they bore their riders into the rushing flood.",fs,16,979
Devastation Tide,The Riders were overwhelmed: drowned in the roaring of the river as it carried them away.,their piercing cries were drowned in the roaring of the river as it carried them away.,fs,16,980
Sanguine Bond,"They tried to pierce your heart with a Morgul-knife which remains in the wound. If they had succeeded, you would have become like they are, only weaker and under their command.
","if they had succeeded, you would have become like they are, only weaker and under their command.",fs,17,180
Overwhelming Stampede,"They do not fear the Ringwraiths, for those who have dwelt in the Blessed Realm live at once in both worlds, and against both the Seen and the Unseen they have great power.","they do not fear the ringwraiths, for those who have dwelt in the blessed realm live at once in both worlds, and against both the seen and the unseen they have great power.",fs,17,227
Rejuvenating Springs,"You are in Rivendell, and you need not worry about anything for the present.
","you are in rivendell, and you need not worry about anything for the present.",fs,17,243
Reanimate,"But the Ringwraiths themselves cannot be so easily destroyed.
",but the ringwraiths themselves cannot be so easily destroyed.,fs,17,294
Model of Unity,"Rivendell is a perfect house, whether you like food or sleep or storytelling or singing, or a pleasant mixture of them all.
","that house was, as bilbo had long ago reported,a perfect house, whether you like food or sleep, or story-telling or singing, or just sitting and thinking best, or a pleasant mixture of them all.",fs,17,344
Flooded Grove,"The sound of running and falling water was loud, and the evening was filled with a faint scent of trees and flowers, as if summer still lingered in Elrondâ€™s gardens.","the sound of running and falling water was loud, and the evening was filled with a faint scent of trees and flowers, as if summer still lingered in elronds gardens.",fs,17,402
"Glorfindel, Dauntless Rescuer",on the elflordâ€™s brow sat wisdom and in his hand was strength,the strength in his long arms and shoulders was terrifying.,fs,17,448
Arwen UndÃ³miel,she was called undÃ³miel for she was the evenstar of her people,for she was pitted against a foe beyond the strength of her mind or body.,fs,17,477
Bag End Porter,dwarvesâ€™ tongues run on when speaking of their handiwork they say,"dwarves tongues run on when speaking of their handiwork, they say.",fs,17,566
Erebor Flamesmith,we make good armor and keen swords but we cannot again make mail or blade to match those that our fathers made before the dragon came,"we make good armour and keen swords, but we cannot again make mail or blade to match those that were made before the dragon came.",fs,17,592
Sulfur Falls,"You should see the waterways of Dale, Frodo, and the fountains, and the pools! You should see the terraces and towers upon the Mountainâ€™s sides!
","you should see the waterways of dale, frodo, and the fountains, and the pools!",fs,17,593
Glacial Fortress,"Beneath the Moon and under star
he wandered far from northern strands â€¦
From gnashing of the Narrow Ice
where shadow lies on frozen hills.
","beneath the moon and under star he wandered far from northern strands, bewildered on enchanted ways beyond the days of mortal lands.",fs,17,840
Colossal Whale,"And in the night from Otherworld beyond the Sea there strong and free a storm arose â€¦
",there was a noise in the night like a wind coming up the valley.,fs,17,876
Elven Chorus,a elbereth gilthoniel silivren penna mÃ­riel o menel aglar elenath,"a elbereth gilthoniel, silivren penna mnriel o menel aglar elenath!",fs,17,1042
Birds of Paradise,"The noise of bubbling waters came up from the foaming riverbed. Birds were singing, and a wholesome peace lay on the land.","birds were singing, and a wholesome peace lay on the land.",fs,18,36
Frodo Baggins,few have ever come hither through greater peril or on an errand more urgent,few have ever come hither through greater peril or on an errand more urgent.,fs,18,51
Mines of Moria,moria moria wonder of the northern world,wonder of the northern world!,fs,18,90
Sol Ring,"In the Second Age, Sauron was not yet evil to behold, and the Elven-smiths of Eregion received his aid and grew mighty in craft, whereas he learned all their secrets, and betrayed them, and forged secretly in the Mountain of Fire the One Ring to be their master.","for in that time he was not yet evil to behold, and they received his aid and grew mighty in craft, whereas he learned all their secrets, and betrayed them, and forged secretly in the mountain of fire the one ring to be their master.",fs,18,186
Reclamation Sage,"I have seen three ages in the West of the world, and many defeats, and many fruitless victories.
","i have seen three ages in the west of the world, and many defeats, and many fruitless victories.",fs,18,222
Isildur's Fateful Strike,isildur cut the ring from sauronâ€™s hand with the hiltshard of his fatherâ€™s sword and sauron himself was overthrown,"i beheld the last combat on the slopes of orodruin, where gil-galad died, and elendil fell, and narsil broke beneath him; but sauron himself was overthrown, and isildur cut the ring from his hand with the hilt-shard of his fathers sword, and took it for his own.",fs,18,230
Thorn of Amethyst,"Narsil was broken and its light extinguished, and it has not yet been forged again.
","but narsil was broken and its light extinguished, and it has not yet been forged again.",fs,18,261
Tranquil Cove,"In the South, the realm of Gondor long endured, and for a while its splendor grew, its people building high towers and havens for many ships.","in the south the realm of gondor long endured; and for a while its splendour grew, recalling somewhat of the might of nÂ®menor, ere it fell.",fs,18,293
Cabal Coffers,"Evil things came forth, and they took Minas Ithil and abode in it, and they made it into a place of dread; it is now called Minas Morgul, the Tower of Sorcery.
","and on a time evil things came forth, and they took minas ithil and abode in it, and they made it into a place of dread; and it is called minas morgul, the tower of sorcery.",fs,18,313
Kor Haven,"The chief city of the Kings of Men was Osgiliath, Citadel of the Stars. Now it is deserted, and in its ruins shadows walk.","it was a city, said beregond,the chief city of gondor, of which this was only a fortress.",fs,18,317
Lost to Legend,in the days of isildur the ruling ring passed out of all knowledge,"for in the days of isildur the ruling ring passed out of all knowledge, and the three were released from its dominion.",fs,18,323
Plea for Power,"Smoke rises once more from Mount Doom. The power of the Black Land grows and we are hard beset.
",the power of the black land grows and we are hard beset.,fs,18,349
"Boromir, Gondor's Hope","Long have I wandered by roads forgotten, seeking the house of Elrond.","loth was my father to give me leave, and long have i wandered by roads forgotten, seeking the house of elrond, of which many had heard, but few knew where it lay.",fs,18,411
Fiend Hunter,"What roads would any dare to tread if the DÃºnedain were all gone into the grave?
","what roads would any dare to tread, what safety would there be in quiet lands, or in the homes of simple men at night, if the dÂ®nedain were asleep, or were all gone into the grave?",fs,18,524
Thought Vessel,"Grudgingly, Lord Denethor permitted me to search among his hoarded scrolls and books.
","less welcome did the lord denethor show me then than of old, and grudgingly he permitted me to search among his hoarded scrolls and books.",fs,18,721
Archivist of Gondor,"If indeed you look only, as you say, for records of ancient days and the beginnings of the City, read on!","""if indeed you look only, as you say, for records of ancient days, and the beginnings of the city, read on!",fs,18,724
Learn from the Past,"The Great Ring shall go now to be an heirloom of the North Kingdom; but records of it shall be left in Gondor, lest a time come when the memory of these great matters shall grow dim.
","for this scroll concerns the ring, and thus wrote isildur therein: the great ring shall go now to be an heirloom of the north kingdom; but records of it shall be left in gondor, where also dwell the heirs of elendil, lest a time come when the memory of these great matters shall grow dim.",fs,18,754
Fiery Inscription,ash nazg durbatulÃ»k ash nazg gimbatul ash nazg thrakatulÃ»k agh burzumishi krimpatul,"that i have done, and this i have read: ash nazg durbatulyk, ush nazg gimbatul, ash nazg thrakatulyk agh burzum-ishi krimpatul.",fs,18,826
The Torment of Gollum,in mordor all that he knew was forced from him,"he was loth to speak and his tale was unclear, but it is beyond all doubt that he went to mordor, and there all that he knew was forced from him.",fs,18,854
Deceive the Messenger,tell gandalf that he must seek my aid at once," ""and he told me to say that if you feel the need, he will help; but you must seek his aid at once, or it will be too late."" and that message brought me hope.",fs,18,988
Asceticism,"Radagast has much lore of herbs and beasts, and birds are especially his friends.
","radagast is, of course, a worthy wizard, a master of shapes and changes of hue; and he has much lore of herbs and beasts, and birds are especially his friends.",fs,18,995
Beast Within,"Radagast is, of course, a worthy Wizard, a master of shapes and changes of hue.
","radagast is, of course, a worthy wizard, a master of shapes and changes of hue; and he has much lore of herbs and beasts, and birds are especially his friends.",fs,18,995
Consider,"A new Power is rising. Against it, the old allies and policies will not avail us at all. There is one choice before us.
",against it the old allies and policies will not avail us at all.,fs,18,1112
Saruman the White,sauronâ€™s victory is at hand and there will be rich reward for those who aided it,its victory is at hand; and there will be rich reward for those that aided it.,fs,18,1115
Saruman's Trickery,i gave you the chance of aiding me willingly,"""i did not expect you to show wisdom, even in your own behalf; but i gave you the chance of aiding me willingly, and so saving yourself much trouble and pain.",fs,18,1156
"Saruman, the White Hand",Over all his works a dark smoke hung and wrapped itself about the sides of Orthanc.,over all his works a dark smoke hung and wrapped itself about the sides of orthanc.,fs,18,1176
Isolation at Orthanc,they took me and set me on the pinnacle of orthanc i stood alone on an island in the clouds i had no chance of escape and my days were bitter and cold,"i stood alone on an island in the clouds; and i had no chance of escape, and my days were bitter.",fs,18,1178
Escape from Orthanc,how far can you bear me asked gandalf many leagues said gwaihir but not to the ends of the earth i was sent to bear tidings not burdens,"gandalf asked me to come and see if you were ready to come down, and i thought he was joking.",fs,18,1234
Display of Power,the nazgÃ»l closed round at night and i was besieged such light and flame cannot have been seen on weathertop since the warbeacons of old,i was hard put to it indeed: such light and flame cannot have been seen on weathertop since the war-beacons of old.,fs,18,1377
Erestor of the Council,There are but two courses: to hide the Ring forever; or to unmake it.,"then, said erestor,there are but two courses, as glorfindel already has declared: to hide the ring for ever; or to unmake it.",fs,18,1527
Elvish Mystic,"The Three Rings of the Elves were not made as weapons of war or conquest
",but they were not made as weapons of war or conquest: that is not their power.,fs,18,1615
Rings of Brighthearth,"All that has been wrought by those who wield the Three will turn to their undoing, and their minds and hearts will become revealed to Sauron, if he regains the One.","but all that has been wrought by those who wield the three will turn to their undoing, and their minds and hearts will become revealed to sauron, if he regains the one.",fs,18,1621
Council's Deliberation,i will take the ring to mordor though i do not know the way,i will not take the ring to wield it.,fs,18,1720
"Elrond, Lord of Rivendell",this is the hour of the shirefolk when they arise from their quiet fields to shake the towers and counsels of the great who of all the wise could have foreseen it,"this is the hour of the shire-folk, when they arise from their quiet fields to shake the towers and counsels of the great.",fs,18,1725
Evolving Wilds,"When winter first begins to bite
and stones crack in the frosty night,
when pools are black and trees are bare,
â€˜tis evil in the Wild to fare.","when winter first begins to bite and stones crack in the frosty night, when pools are black and trees are bare, tis evil in the wild to fare.",fs,19,72
Extract from Darkness,"The power of their master is in them, and they stand or fall by him.
","the power of their master is in them, and they stand or fall by him.",fs,19,82
Dunland Crebain,whatâ€™s that strider it donâ€™t look like a cloud,i should like a look at that ball.,fs,19,704
Revenge of Ravens,"Regiments of black crows are flying all over. I do not know what they are about, but I think they are spying out the land.
",i do not know what they are about: possibly there is some trouble away south from which they are fleeing; but i think they are spying out the land.,fs,19,725
Mouth of Ronom,"We shall meet bitter cold, if not worse, before we come down on the other side. It will not help us to keep so secret that we are frozen to death.
","we shall meet bitter cold, if no worse, before we come down on the other side.",fs,19,865
Anger,There are many evil and unfriendly things in the world that have little love for those who go on two legs.,"there are many evil and unfriendly things in the world that have little love for those that go on two legs, and yet are not in league with sauron, but have purposes of their own.",fs,19,955
Lightning Greaves,"The strongest must seek a way, say you? But I say: let a plowman plow, but choose an otter for swimming, and choose an Elf for running light over grass and leaf.
","but i say: let a ploughman plough, but choose an otter for swimming, and for running light over grass and leaf or over snow-an elf.",fs,19,1119
Barad-dÃ»r,those who pass the gates of baraddÃ»r do not return,those who pass the gates of barad-dyr do not return.,fs,20,108
Snarling Warg,a shuddering howl broke from him as if he were a captain summoning his pack to the assault,"a shuddering howl broke from him, as if he were a captain summoning his pack to the assault.",fs,20,219
Doors of Durin,speak friend and enter,speak friend and enter,fs,20,579
Deep Analysis,"There are older and fouler things than Orcs in the deep places of the world.
",there are older and fouler things than ores in the deep places of the world.,fs,20,776
Stern Scolding,fool of a took this is a serious journey not a hobbit walkingparty throw yourself in next time and then you will be no further nuisance now be quiet,"throw yourself in next time, and then you will be no further nuisance.",fs,20,974
Zealous Conscripts,"Buckler and corslet, axe and sword,
And shining spears were laid in hoard.","there beryl, pearl, and opal pale, and metal wrought like fishes mail, buckler and corslet, axe and sword, and shining spears were laid in hoard.",fs,20,1148
Mirrormere Guardian,but still the sunken stars appear in dark and windless mirrormere there lies his crown in water deep till durin wakes again from sleep,"but still the sunken stars appear in dark and windless mirrormere; there lies his crown in water deep, till durin wakes again from sleep.",fs,20,1175
"Too Greedily, Too Deep","The Dwarves tell no tale; but even as mithril was the foundation of their wealth, so also it was their destruction.
","the dwarves tell no tale; but even as mithril was the foundation of their wealth, so also it was their destruction: they delved too greedily and too deep, and disturbed that from which they fled, durins bane.",fs,20,1201
Guttersnipe,"I have looked on Moria, and it is very great, but it has become dark and dreadful.
","i have looked on moria, and it is very great, but it has become dark and dreadful; and we have found no sign of my kindred.",fs,20,1266
Ancient Tomb,"On the slab runes were deeply graven:
BALIN
SON OF FUNDIN
LORD OF MORIA","on the slab runes were deeply graven: these are daerons runes, such as were used of old in moria, said gandalf.",fs,20,1307
Battle-Scarred Goblin,an orc shot balin from behind a stone we slew the orc but many more came,"he went alone to look in mirror mere, an ore shot him from behind a stone, we slew the ore, hut many more ...up from east up the silverlode.",fs,21,76
Moria Marauder,there was a rush of hoarse laughter like the fall of sliding stones into a pit amid the clamor a deep voice was raised in command,"there was a rush of hoarse laughter, like the fall of sliding stones into a pit; amid the clamour a deep voice was raised in command.",fs,21,163
Troll of Khazad-dÃ»m,a great cavetroll i think there is no hope of escape that way,there is no hope of escape that way.,fs,21,177
Hobbit's Sting,one for the shire cried aragorn the hobbitâ€™s bite is deep you have a good blade frodo son of drogo,"you have a good blade, frodo son of drogo !",fs,21,214
Rush the Room,there was a hornblast and a rush of feet and orcs one after another leaped into the chamber,"there was a horn-blast and a rush of feet, and ores one after another leaped into the chamber.",fs,21,220
Goblin Fireleaper,let us hope that fire now lies between us and pursuit come there is no time to lose,let us hope that the fire now lies between us and pursuit.,fs,21,429
Windswift Slice,A shrill yell went up,a shrill yell went up: they had been seen.,fs,21,442
Ensnaring Bridge,The way out lay across a slender bridge of stone. It was an ancient defense of the Dwarves that could only be traversed in single file.,they could only pass across it in single file.,fs,21,460
You Cannot Pass!,it raised the whip and the thongs whined and cracked fire came from its nostrils but gandalf stood firm,"it raised the whip, and the thongs whined and cracked.",fs,21,520
Flame of Anor,there was a ringing clash and a stab of white fire and the balrog fell back,there was a ringing clash and a stab of white fire.,fs,21,538
Lash of the Balrog,even as the balrog fell it swung its whip and the thongs lashed and curled about gandalfâ€™s knees dragging him to the brink of the abyss fly you fools he cried and was gone,"but even as it fell it swung its whip, and the thongs lashed and curled about the wizards knees, dragging him to the brink.",fs,21,564
Woodland Stream,"There lie the woods of LothlÃ³rien! That is the fairest of all the dwellings of my people.
",that is the fairest of all the dwellings of my people.,fs,22,117
Paradise Druid,"There are no trees like the trees of that land.
For in the autumn their leaves fall not, but turn to gold.
","for in the autumn their leaves fall not, but turn to gold.",fs,22,118
LothlÃ³rien Lookout,that was the custom of the elves of lÃ³rien to dwell in the trees therefore they were called galadhrim the treepeople,"therefore they were called the galadhrim, the tree -people.",fs,22,481
Nimrodel Watcher,but there are some of us still who go abroad for the gathering of news and the watching of our enemies,"but there are some of us still who go abroad for the gathering of news and the watching of our enemies, and they speak the languages of other lands.",fs,22,580
Galadhrim Ambush,"None of the Orcs will ever return out of LÃ³rien.
",none of the ores will ever return out of lurien.,fs,22,730
"Haldir, LÃ³rien Lieutenant",Now you must be brought before the Lord and the Lady.,"now you have come thus far, you must be brought before the lord and the lady.",fs,22,828
Galadhrim Guide,i shall lead you well and the paths are smooth and straight,"i shall lead you well, and the paths are smooth and straight.",fs,22,857
Drowned Catacomb,"The world is indeed full of peril, and in it there are many dark places; in all lands, love is now mingled with grief.
","the world is indeed full of peril, and in it there are many dark places; but still there is much that is fair, and though in all lands love is now mingled with grief, it grows perhaps the greater.",fs,22,902
Lonely Sandbar,"I do not believe that the world about us will ever again be as it was of old. For the Elves may soon pass to the Sea unhindered and leave Middle-earth forever.
","yet i do not believe that the world about us will ever again be as it was of old, or the light of the sun as it was aforetime.",fs,22,906
LÃ³rien Revealed,look on us now with friendly eyes behold the trees of the naith of lÃ³rien and be glad,"look and be glad, for you are the first dwarf to behold the trees of the naith of lurien since durins day!",fs,22,971
Mirkwood Elk,"Whereas the light perceives the very heart of the darkness, its own secret has not been discovered.
","in this high place you may see the two powers that are opposed one to another; and ever they strive now in thought, but whereas the light perceives the very heart of the darkness, its own secret has not been discovered.",fs,22,1072
Tranquil Thicket,"Welcome to Caras Galadhon! Here is the city of the Galadhrim where dwell the Lord Celeborn and Galadriel, the Lady of LÃ³rien.
",here is the city of the galadhrim where dwell the lord celeborn and galadriel the lady of lurien.,fs,23,22
Celeborn the Wise,his eyes were keen as lances in starlight and yet profound the wells of deep memory,"they were clad wholly in white; and the hair of the lady was of deep gold, and the hair of the lord celeborn was of silver long and bright; but no sign of age was upon them, unless it were in the depths of their eyes; for these were keen as lances in the starlight, and yet profound, the wells of deep memory.",fs,23,92
Mirror of Galadriel,your quest stands upon the edge of a knife stray but a little and it will fail to the ruin of all yet hope remains while all the company is true,but this i will say to you: your quest stands upon the edge of a knife.,fs,23,221
Heroic Intervention,"Do not let your hearts be troubled. Even now, there is hope left.
","do not let your hearts be troubled, she said.",fs,23,230
Field of Ruin,"Thereâ€™s some devilry at work in the Shire.
","theres some devilry at work in the shire,' he said.",fs,23,529
Elvish Visionary,"Do not think that only by singing amid the trees, nor even by the slender arrows of Elven- bows, is this land of LothlÃ³rien maintained and defended against its Enemy.
","but do not think that only by singing amid the trees, nor even by the slender arrows of elven-bows, is this land of lothlurien maintained and defended against its enemy.",fs,23,627
Dreadful as the Storm,i shall not be dark but beautiful and terrible as the morning and the night all shall love me and despair,"and i shall not be dark, but beautiful and terrible as the morning and the night!",fs,23,688
Raise the Palisade,"She seemed tall beyond measurement, and beautiful beyond enduring, terrible and worshipful.","she stood before frodo seeming now tall beyond measurement, and beautiful beyond enduring, terrible and worshipful.",fs,23,697
Galadriel of LothlÃ³rien,i pass the test i will diminish and go into the west and remain galadriel,"i will diminish, and go into the west and remain galadriel.",fs,23,702
"The Balrog, Flame of UdÃ»n",an evil of the ancient world both a shadow and a flame,"an evil of the ancient world it seemed, such as i have never seen before, said aragorn.",fs,23,897
Tireless Provisioner,Lembas is more strengthening than any food made by Men.,"but we call it lembas or waybread, and it is more strengthening than any food made by men, and it is more pleasant than cram, by all accounts.",fs,24,158
Pristine Talisman,Each cloak was fastened about the neck with a brooch like a green leaf veined with silver.,each cloak was fastened about the neck with a brooch like a green leaf veined with silver.,fs,24,179
Whispersilk Cloak,"Are these magic cloaks? asked Pippin.
I do not know what you mean by that, answered the leader of the Elves.","i do not know what you mean by that, answered the leader of the elves.",fs,24,184
Elvish Archdruid,"I sang of leaves, of leaves of gold, and leaves of gold there grew:
Of wind I sang, a wind there came and in
the branches blew.","sad and sweet was the sound of her voice in the cool clear air: i sang of leaves, of leaves of gold, and leaves of gold there grew: of wind i sang, a wind there came and in the branches blew.",fs,24,305
Wind-Scarred Crag,"About that stream, on this side of the Great River, lies Rohan.
","about that stream, on this side of the great river, lies rohan.",fs,24,366
Gift of Strands,none have ever made to me a request so bold and yet so courteous,for none have ever made to me a request so bold and yet so courteous.,fs,24,509
Phial of Galadriel,may it be a light to you in dark places when all other lights go out,"may it be a light to you in dark places, when all other lights go out.",fs,24,530
Vineglimmer Snarl,LÃ³rien seemed like a bright ship masted with enchanted trees sailing away from the margin of the grey and leafless world.,"for so it seemed to them: lurien was slipping backward, like a bright ship masted with enchanted trees, sailing on to forgotten shores, while they sat helpless upon the margin of the grey and leafless world.",fs,24,551
Swan Song,"Once or twice the travelers heard the rush and whine of swan-wings, and looking up they saw a great phalanx streaming along the sky.","once or twice the travellers heard the rush and whine of swan-wings, and looking up they saw a great phalanx streaming along the sky.",fs,25,51
Frontier Warmonger,What could not a warrior do in this hour?,"what could not a warrior do in this hour, a great leader?",fs,26,197
Breaking of the Fellowship,it might have been mine it should be mine give it to me,it might have been mine.,fs,26,258
Mirkwood Trapper,"Under the boughs of Mirkwood, there was deadly strife of Elves and evil beings.",under the boughs of mirkwood there was deadly strife of elves and men and fell beasts.,fs,26,324
"Sauron, the Lidless Eye",there is an eye in the dark tower that does not sleep,there was an eye in the dark tower that did not sleep.,fs,26,354
Wasteland,"But I am going to Mordor, said Frodo.
I know that well enough, said Sam. Of course you are. And Iâ€™m coming with you.","i know that well enough, mr.",fs,26,657
Bitter Downfall,i tried to take the ring from frodo i am sorry i have paid,"â€˜i tried to take the ring from frodo, he said.",tt,1,68
"Boromir, Warden of the Tower",farewell aragorn go to minas tirith and save my people,go to minas tirith and save my people!,tt,1,75
Trailblazer's Boots,not idly do the leaves of lÃ³rien fall,"â€˜not idly do the leaves of lorien fall, said aragorn.",tt,2,248
Lembas,they could eat of it and find new strength even as they ran,"often in their hearts they thanked the lady of lorien for the gift of lembas , for they could eat of it and find new strength even as they ran.",tt,2,439
Clifftop Retreat,"The dwellings of the Rohirrim lie under the wooded eaves of the White Mountains, hidden in mist and cloud.","the dwellings of the rohirrim were for the most part many leagues away to the south, under the wooded eaves of the white mountains, now hidden in mist and cloud; yet the horse-lords had formerly kept many herds and studs in the eastemnet, this easterly region of their realm, and there the herdsmen had wandered much, living in camp and tent, even in winter-time.",tt,2,456
East-Mark Cavalier,the rohirrim have long been the friends of the people of gondor though they are not akin to them,"they have long been the friends of the people of gondor, though they are not akin to them.",tt,2,694
Knight of the Keep,now the cries of clear strong voices came ringing over the fields they rode in a long line of mailclad men swift shining fell and fair to look upon suddenly they swept up with a noise like thunder and the foremost horseman swerved,now the cries of clear strong voices came ringing over the fields.,tt,2,715
Westfold Rider,the orcs were greater in number than we counted on great orcs who also bore the white hand of isengard,for the ores were greater in number than we counted on.,tt,2,1152
Merciless Executioner,Curse the Isengarders! UglÃºk u bagronk sha pushdug Saruman-glob bÃºbhosh skai!,ugliik u bagronk sha pushdug saruman-glob bub- hosh skat\ he passed into a long angry speech in his own tongue that slowly died away into muttering and snarling.,tt,3,86
UglÃºk of the White Hand,i am uglÃºk i command i return to isengard by the shortest road,i return to isengard by the shortest road.,tt,3,152
"MauhÃºr, Uruk-hai Captain",we are the servants of saruman the wise the white hand the hand that gives us manâ€™sflesh to eat,"we are the servants of saruman the wise, the white hand: the hand that gives us mans-flesh to eat.",tt,3,174
"Fangorn, Tree Shepherd",i am an ent fangorn is my name according to some treebeard others make it,"fangorn is my name according to some, treebeard others make it.",tt,4,208
Sylvan Offering,Learn now the lore of Living Creatures!,learn now the lore of living creatures!,tt,4,221
"Treebeard, Gracious Host","I go my own way, but your way may go along with mine for a while.",i go my own way; but your way may go along with mine for a while.,tt,4,358
Ent-Draught Basin,the effect of the draught began at the toes and rose steadily through every limb bringing refreshment and vigor as it coursed upward right to the tips of the hair,"the effect of the draught began at the toes, and rose steadily through every limb, bringing refreshment and vigour as it coursed upwards, right to the tips of the hair.",tt,4,702
Preordain,"That is the business of Wizards: Wizards are always troubled about the future.
",that is the business of wizards: wizards are always troubled about the future.,tt,4,794
Blasphemous Act,"And there are some things, of course, whose side I am altogether not on: these burÃ¡rum
","and there are some things, of course, whose side i am altogether not on; i am against them altogether: these - bnraruni (he again made a deep rumble of disgust) â€˜ these ores, and their masters.",tt,4,806
Assemble the Entmoot,"Boom, boom, rumboom, boorar, boom boom, dahrar boom boom, dahrar boomâ€¦","he hummed to himself deeply and thoughtfully, but merry and pippin caught no proper words: it sounded like boom , boom , rum- boom, boorar, boom boom, dahrar boom boom, dahrar boom, and so on with a constant change of note and rhythm.",tt,4,1277
"Quickbeam, Upstart Ent",it is only a nickname of course they have called me that ever since i said yes to an elder ent before he had finished his question,they have called me that ever since i said yes to an elder ent before he had finished his question.,tt,4,1525
Exotic Orchard,"The oldest rowan-trees were planted by the Ents to try and please the Entwives; but they looked at them and smiled and said that they knew where whiter blossom and richer fruit were growing.
",the oldest were planted by the ents to try and please the entwives; but they looked at them and smiled and said that they knew where whiter blossom and richer fruit were growing.,tt,4,1569
Ent's Fury,i came and called the trees by their long names but they did not hear or answer,"i came and called them by their long names, but they did not quiver, they did not hear or answer: they lay dead.",tt,4,1580
Last March of the Ents,to isengard with doom we come with doom we come with doom we come,"with doom we come, with doom we come!",tt,4,1697
"Yavimaya, Cradle of Growth","Pippin thought he saw groves of trees moving. Could it be that the trees of Fangorn were awake, and the forest was rising, marching over the hills to war?","could it be that the trees of treebeard 635 fangorn were awake, and the forest was rising, marching over the hills to war?",tt,4,1814
Elven Farsight,few can foresee whither their road will lead them till they come to its end,"few can foresee whither their road will lead them, till they come to its end.",tt,5,289
"Gandalf, White Rider",he has passed through the fire and the abyss and the enemy shall fear him,"he has passed through the fire and the abyss, and they shall fear him.",tt,5,915
Frostboil Snarl,"A great smoke rose about us, vapor and steam. Ice fell like rain as I threw down my enemy.
","a great smoke rose about us, vapour and steam.",tt,5,996
Esquire of the King,where now the horse and the rider where is the horn that was blowing where is the helm and the hauberk and the bright hair flowing,"where is the helm and the hauberk, and the bright hair flowing?",tt,6,139
Castle Ardenvale,The hall was long and wide and filled with shadows. Mighty pillars upheld its lofty roof.,the hall was long and wide and filled with shadows and half lights; mighty pillars upheld its lofty roof.,tt,6,416
Fact or Fiction,"What aid have you ever brought, Stormcrow? And what aid do you bring now? It was aid from us that you sought the last time you were here.
",it was aid from us that you sought last time that you were here.,tt,6,517
Elvish Piper,"In Dwimordene, in LÃ³rien
Seldom have walked the feet of Men,
Few mortal eyes have seen the light
That lies there ever, long and bright.
Galadriel! Galadriel!","the king of the golden hall 671 in dwimordene, in lorien seldom have walked the feet of men, few mortal eyes have seen the light that lies there ever, long and bright.",tt,6,559
"ThÃ©oden, King of Rohan",dark have been my dreams of late but i feel newawakened i only fear that already you have come too late gandalf,"for i fear that already you have come too late, only to see the last days of my house.",tt,6,687
Rohirrim Lancer,dire deeds awake dark is it eastward let horse be bridled horn be sounded,"dire deeds awake, dark is it eastward.",tt,6,806
Quarrel's End,it is a joy to us to see you return into your own,â€˜it is a joy to us to see you return into your own.,tt,6,827
Faithless Looting,"Here, lord, is Herugrim, your ancient blade. It was found in Wormtongueâ€™s room. Many other things are there which men have missed.
",many other things are there which men have missed.,tt,6,900
GrÃ­ma Wormtongue,do not weary yourself or tax too heavily your strength let others deal with these irksome guests,"but do not weary yourself, or tax too heavily your strength.",tt,6,910
Court of Ire,How long is it since Saruman bought you? What was the promised price?,how long is it since saruman bought you?,tt,6,979
Path to Exile,"Go now, Wormtongue, whither you will. But then, if we ever meet again, I shall not be merciful.
","but then, if ever we meet again, i shall not be merciful.",tt,6,1010
Banish from Edoras,wormtongue bared his teeth and then with a hissing breath he spat before the kingâ€™s feet,"he bared his teeth; and then with a hissing breath he spat before the kings feet, and darting to one side, he fled down the stair.",tt,6,1027
"Shinka, the Bloodsoaked Keep","The keep was called the Hornburg, for a trumpet sounded upon the tower echoed in the Deep behind, as if armies long-forgotten were issuing to war from caves beneath the hills.","the hornburg it was called, for a trumpet sounded upon the tower echoed in the deep behind, as if armies long-forgotten were issuing to war from caves beneath the hills.",tt,7,180
Feed the Swarm,"We have found many of our folk lying slain as they fled thither.
","we have found many of our folk lying slain as they fled thither, said the scout.",tt,7,210
Shower of Arrows,i wish there were more of your kin among us gimli but even more would i give for a hundred good archers of mirkwood we shall need them,but even more would i give for a hun- dred good archers of mirkwood.,tt,7,408
Village Bell-Ringer,"The enemy is at hand! We loosed every arrow that we had, and filled the Dike with Orcs. But it will not halt them long.","â€˜we loosed every arrow that we had, and filled the dike with ores.",tt,7,431
Combat Celebrant,"This is the hour when we draw swords together!
",â€˜this is the hour when we draw swords together!,tt,7,510
Gimli's Fury,two said gimli patting his axe,"said gimli, patting his axe.",tt,7,600
"Legolas, Counter of Kills",two said legolas i make my tale twenty at the least,yet i make my tale twenty at the least.,tt,7,605
Relentless Rohirrim,the orcs are in the deep helm helm forth helmingas, forth helmingas!,tt,7,656
"Gimli, Counter of Kills",twentyone cried gimli he hewed a two handed stroke and laid the last orc before his feet now my count passes master legolas,he hewed a two-handed stroke and laid the last ore before his feet.,tt,7,667
Taunt from the Rampart,"Is it not said that no foe has ever taken the Hornburg, if men defended it?
","â€˜is it not said that no foe has ever taken the hornburg, if men defended it?",tt,7,744
Thrill of Possibility,"A hundred ladders were raised against the battlements. Over the wall and under the wall the last assault came, sweeping like a dark wave upon a hill of sand.",over the wall and under the wall the last assault came sweeping like a dark wave upon a hill of sand.,tt,7,770
Goblin Cratermaker,"But the Orcs have brought a devilry from Orthanc.
","â€˜but the ores have brought a devilry from orthanc, said aragorn.",tt,7,870
Uruk-hai Berserker,what of the dawn we are the urukhai we do not stop the fight for night or day for fair weather or for storm we come to kill by sun or moon what of the dawn,"we are the uruk-hai: we do not stop the fight for night or day, for fair weather or for storm.",tt,7,944
Fire of Orthanc,the barricade was scattered as if by a thunderbolt,the barricade was scattered as if by a thunderbolt.,tt,7,976
Rally at the Hornburg,with a cry and a great noise they charged down from the gates they roared over the causeway they swept and they drove through the hosts of isengard as a wind among grass,"down from the gates they roared, over the causeway they swept, and they drove through the hosts of isengard as a wind among grass.",tt,7,1007
Rising of the Day,over the low hills the horns were sounding hastening down the long slopes were a thousand men on foot their swords were in their hands,"behind him, hastening down the long slopes, were a thousand men on foot; their swords were in their hands.",tt,7,1053
"Erkenbrand, Lord of Westfold",down from the hills leaped erkenbrand lord of westfold and the hosts of isengard roared in fear,"down from the hills leaped erkenbrand, lord of westfold.",tt,7,1079
Friendly Rivalry,fortytwo master legolas,"orty-two, master legolas!",tt,8,22
Gimli of the Glittering Caves,No Dwarf could be unmoved by such loveliness.,â€˜no dwarf could be unmoved by such loveliness.,tt,8,350
Storm of Saruman,isengard had once been filled with fruitful trees but no green thing grew there in the latter days of saruman,but no green thing grew there in the latter days of saruman.,tt,8,776
Enraged Huorn,they stand watching endlessly over the trees it is difficult to see them moving but they can move very quickly if they are angry,"they can move very quickly, if they are angry.",tt,9,384
Lignify,"Huorns began to move south, as soon as the gates were shut again. Their business was with Orcs I think.
","he said: â€œmy business is with isengard tonight, with rock and stone.â€ â€˜but, though i could not see what was happening in the dark, i believe that huorns began to move south, as soon as the gates were shut again.",tt,9,460
Sunken Hollow,"Isengard began to fill up with black creeping streams and pools. The waters found their way down into shafts and spout holes, until at last Isengard looked like a huge flat saucepan, all steaming and bubbling.","and still more water poured in, until at last isengard looked like a huge flat saucepan, all steaming and bubbling.",tt,9,791
Fell the Mighty,"There we sat high up above the floods and watched the drowning of Isengard.
",there we sat high up above the floods and watched the drowning of isengard.,tt,9,818
Gandalf's Sanction,there was a crack and the staff split asunder in sarumanâ€™s hand and the head of it fell down at gandalfâ€™s feet,"there was a crack, and the staff split asunder in saruman s hand, and the head of it fell down at gandalfs feet.",tt,10,532
Great Oak Guardian,"Ent the earthborn, old as mountains."," ents the earthbom, old as mountains, the wide-walkers, water drinking; and hungry as hunters, the hobbit children, the laughing-folk, the little people, they shall remain friends as long as leaves are renewed.",tt,10,711
"Boseiju, Who Shelters All","Grey ruins falling into darkness, even with sunlight still shining in the sky.","sunlight was still shining in the sky, but long shadows reached over isengard: grey ruins falling into darkness.",tt,10,786
Vanquisher's Banner,"Seven stars and seven stones and one white tree.
",seven stars and seven stones and one white tree.,tt,11,130
Worn Powerstone,"The palantÃ­ri of the Kings of Old: the name meant â€˜that which looks far away.â€™ The Orthanc-stone was one, and it is beyond Sarumanâ€™s art.
",â€˜the name meant that which looks far away.,tt,11,146
Commander's Sphere,"The Ã‘oldor, perhaps FÃ«anor himself, wrought the palantÃ­ri in days so long ago that the time cannot be measured in years.
","feanor himself, maybe, wrought them, in days so long ago that the time cannot be measured in years.",tt,11,156
Mordor Muster,orcs thousands of orcses nice hobbits mustnâ€™t go to those places,nice hobbits mustnt go to - sss - those places.,tt,12,894
Hithlain Knots,if you will try to run away you must be tied but we donâ€™t wish to hurt you,"â€˜if you will try to run away, you must be tied; but we dont wish to hurt you.",tt,12,1014
Underground River,"But stream and pool is wet and cool: so nice for feet! We only wish to catch a fish, so juicy-sweet!
",but stream and pool is wet and cool: so nice for feet!,tt,13,54
Smoldering Marsh,"Before the shadows of evening were long in happier lands, they went on again with only brief halts until they had come to the very midst of the Dead Marshes.","before the shadows of evening were long in happier lands, they went on again, always on and on with only brief halts.",tt,13,449
Haunt of the Dead Marshes,you should not look in when the candles are lit,â€˜you should not look in when the candles are lit.,tt,13,520
"Urborg, Tomb of Yawgmoth","All dead, all rotten. Elves and Men and Orcs. There was a great battle here long ago, yes.
","â€˜all dead, all rotten.",tt,13,534
Sulfurous Springs,"A land defiled, diseased beyond all healing","they had come to the desolation that lay before mordor: the lasting monument to the dark labour of its slaves that should endure when all their purposes were made void; a land defiled, diseased beyond all healing - unless the great sea should enter in and wash it with oblivion.",tt,13,768
Basalt Monolith,"When it turns round the black rock, youâ€™ll see it. Suddenly youâ€™ll see it above you, and youâ€™ll want to hide.
","when it turns round the black rock, youll see it, suddenly youll see it above you, and youll want to hide.",tt,14,354
Growth Spiral,The swift growth of the wild with briar and eglantine and trailing clematis was already drawing a veil over this place.,the swift growth of the wild with briar and eglantine and trailing clematis was already drawing a veil over this place of dreadful feast and slaughter; but it was not ancient.,tt,15,215
Stew the Coneys,stew the rabbits squealed gollum in dismay spoil beautiful meat smÃ©agol saved saved for you poor hungry smÃ©agol what for,"â€˜spoil beautiful meat smeagol saved for you, poor hungry smeagol!",tt,15,391
Mortify,Soon the rabbits were cut up and lying simmering in their pans with the bunched herbs.,soon the rabbits cut up lay simmering in their pans with the bunched herbs.,tt,15,462
Wood Elves,"Elves are wondrous fair to look upon, or so â€˜tis said.
","and elves are wondrous fair to look upon, or sotis said.",tt,15,614
Rangers of Ithilien,we have a new errand on this journey to ambush the men of harad,but we have a new errand on this journey: we come to ambush the men of harad.,tt,15,762
Minas Tirith,i would see the white tree in flower again in the courts of the kings and minas tirith in peace,"â€˜for myself, said faramir, â€˜i would see the white tree in 878 the two towers flower again in the courts of the kings, and the silver crown return, and minas tirith in peace: minas anor again as of old, full of light, high and fair, beautiful as a queen among other queens: not a mistress of many slaves, nay, not even a land mistress of willing slaves.",tt,16,608
Reflecting Pool,"This is the Window of the Sunset, fairest of all the falls of Ithilien, land of many fountains.
","â€˜this is the window of the sunset, henneth annun, fairest of all the falls of ithilien, land of many fountains.",tt,16,764
"Faramir, Field Commander",a chance for faramir captain of gondor to show his quality,"a chance for faramir, captain of gondor, to show his quality!",tt,16,1216
Brandywine Farmer,your land must be a realm of peace and content and there must gardeners be in high honor,"your land must be a realm of peace and content, and there must gardeners be in high honour.",tt,16,1266
"Gollum, Patient Plotter",theyâ€™ll take it steal my precious thieves we hates them,"nasty men, theyll take it, steal my precious.",tt,17,267
Soothing of SmÃ©agol,frodoâ€™s heart sank this was too much like trickery and certainly what he did would seem a treachery to the poor treacherous creature,"he did not really fear that faramir would allow gollum to be killed, but he would probably make him prisoner and bind him; and cer- tainly what frodo did would seem a treachery to the poor treacherous creature.",tt,17,347
Foreboding Ruins,"The road appeared lonely and forsaken, running down to empty ruins in the mist. But there was an evil feeling in the air.","it appeared lonely and forsaken, run- ning down to empty ruins in the mist.",tt,18,223
Mind Stone,"The years had gnawed at it, and violent hands had maimed it. Its head was gone, and in its place was set in mockery a round rough-hewn stone, rudely painted in the likeness of a grinning face with one large eye in the midst of its forehead.","its head was gone, and in its place was set in mockery a round rough-hewn stone, rudely painted by savage hands in the likeness of a grinning face with one large red eye in the midst of its forehead.",tt,18,559
Choked Estuary,"The water of the Morgulduin was silent and steaming, but the twisting vapor that rose from it was deadly cold.","the water flowing beneath was silent, and it steamed, but the vapour that rose from it, curling and twisting about the bridge, was deadly cold.",tt,19,75
Bastion Protector,"Who can now hold the fords when the King of the Nine Riders comes?
",and who can now hold the fords when the king of the nine riders comes?,tt,19,285
"Frodo, Determined Hero",frodoâ€™s heart flamed within him he drew his sword and advanced,he drew his sword and tightened his belt.,tt,20,289
Mirkwood Spider,far and wide shelobâ€™s lesser broods spread from glen to glen to dol guldur and the fastnesses of mirkwood,"far and wide her lesser broods, bastards of the miserable mates, her own offspring, that she slew, spread shelobs lair 947 from glen to glen, from the ephel duath to the eastern hills, to dol guldur and the fastnesses of mirkwood.",tt,20,453
Relic of Sauron,"While the power of Sauron grew, light and living things forsook his borders.","but that desire was yet far away, and long now had she been hungry, lurking in her den, while the power of sauron grew, and light and living things forsook his borders; and the city in the valley was dead, and no elf or man came near, only the unhappy ores.",tt,20,473
Samwise the Stouthearted,youâ€™ve hurt my master you brute and youâ€™ll pay for it,"â€˜youve hurt my master, you brute, and youll pay for it.",tt,21,123
Shelob's Ambush,as frodo ran forward eager rejoicing to be free shelob with hideous speed came behind and stung him in the neck,"as he had run forward, eager, rejoicing to be free, shelob with hideous speed had come behind and with one swift stroke had stung him in the neck.",tt,21,165
Cirith Ungol Patrol,spies feared on stairs double vigilance patrol to head of stairs,patrol to head of stairs.,tt,21,672
Sam's Desperate Rescue,by all the signs thereâ€™s a large warrior loose with an elfsword and an axe as well maybe gorbag spat sam smiled grimly at this description of himself,sam smiled grimly at this description of himself.,tt,21,757
Call for Aid,"We must hasten. The beacons of Gondor are alight. War is kindled.
",we must hasten.,rk,1,44
"Minamo, School at Water's Edge","Beyond, in the great fief of Belfalas, dwelt Prince Imrahil in his castle of Dol Amroth by the sea.","but beyond, in the great fief of b elf alas, dwelt prince imrahil in his castle of dol amroth by the sea, and he was of high blood, and his folk also, tall men and proud with sea-grey eyes.",rk,1,205
Throne of the High City,"The high throne was empty. At the foot of its dais, upon the lowest step which was broad and deep, there was a stone chair, black and unadorned, for the Steward of Gondor.","at the foot of the dais, upon the lowest step which was broad and deep, there was a stone chair, black and unadorned, and on it sat an old man gazing at his lap.",rk,1,393
"Pippin, Guard of the Citadel",here do i swear fealty to gondor until my lord release me or death take me,"the old man laid the sword along his lap, and pippin put his hand to the hilt, and said slowly after denethor: here do i swear fealty and service to gondor, and to the lord and steward of the realm, to speak and to be silent, to do and to let be, to come and to go, in need or plenty, in peace or war, in living or dying, from this hour henceforth, until my lord release me, or death take me, or the world end.",rk,1,512
Captain of Umbar,there is a great fleet drawing near to the mouths of anduin manned by the corsairs of umbar in the south they have long ceased to fear the might of gondor,"there is a great fleet drawing near to the mouths of anduin, manned by the corsairs of umbar in the south.",rk,1,996
Hostage Taker,Umbar was a refuge for all the enemies of Gondor," they have long ceased to fear the might of gondor, and they have allied them with the enemy, and now make a heavy stroke in his cause.",rk,1,998
Knights of Dol Amroth,and so the companies came and were hailed and cheered and passed through the gate,"and so the companies came and were hailed and cheered and passed through the gate, men of the outlands marching to defend the city of gondor in a dark hour; but always too few, always less than hope looked for or need asked.",rk,1,1289
DÃºnedain Rangers,aragorn has need of his kindred let the dÃºnedain go to him in rohan,"word came to rivendell, they say: aragorn has need of his kindred.",rk,2,196
Press the Enemy,i showed the blade reforged to him he is not so mighty yet that he is above fear,"he is not so mighty yet that he is above fear; nay, doubt ever gnaws him.",rk,2,431
Soldier of the Grey Host,the dead awaken for the hour is come for the oathbreakers,the dead awaken; for the hour is come for the oathbreakers ; at the stone of erech they shall stand again and hear there a horn in the hills ringing.,rk,2,478
Stone of Erech,at the stone of erech they shall stand again and hear there a horn in the hills ringing,the dead awaken; for the hour is come for the oathbreakers ; at the stone of erech they shall stand again and hear there a horn in the hills ringing.,rk,2,478
Shadow Summoning,whose shall the horn be who shall call them from the grey twilight the forgotten people the heir of him to whom the oath they swore,the heir of him to whom the oath they swore.,rk,2,483
Grey Host Reinforcements,"I hope they havenâ€™t forgotten how to fight.
"," i also will come, said legolas,for i do not fear the dead.' i hope that the forgotten people will not have forgotten how to fight, said gimli;for otherwise i see not why we should trouble them.",rk,2,502
Rivendell,were i to go where my heart dwells i would now be wandering in the fair valley of rivendell,"were i to go where my heart dwells, far in the north i would now be wandering in the fair valley of rivendell.",rk,2,622
"Ã‰owyn, Fearless Knight",am i not of the house of eorl i have waited on faltering feet long enough,i have waited on faltering feet long enough.,rk,2,634
Harsh Mentor,"A time may come soon when there will be need of valor without renown. Yet the deeds will not be less valiant because they are unpraised.
",yet the deeds will not be less valiant because they are unpraised.,rk,2,650
Ghost Quarter,"The light was grey, for the sun had not yet climbed over the black ridges of the Haunted Mountain before them.","the light was still grey as they rode, for the sun had not yet climbed over the black ridges of the haunted mountain before them.",rk,2,727
Battlefield Forge,"In the morning, I shall ride to Edoras to the gathering of the Mark.
","last night the moon was full, and in the morning i shall ride to edoras to the gathering of the mark.",rk,3,83
Path of Ancestry,"Merry gazed at the PÃºkel-men with wonder and pity, as they loomed up mournfully in the dusk.","the pÂ®kel-men they called them, and heeded them little: no power or terror was left in them; but merry gazed at them with wonder and a feeling almost of pity, as they loomed up mournfully in the dusk.",rk,3,186
Errand-Rider of Gondor,gondor is in great need lord denethor asks for all your strength and all your speed lest gondor fall at last,"often the rohirrim have aided us, but now the lord denethor asks for all your strength and all your speed; lest gondor fall at last.",rk,3,426
Haradrim Spearmaster,in the south the haradrim are moving and fear has fallen on all our coastlands,"in the south the haradrim are moving, and fear has fallen on all our coastlands, so that little help will come to us thence.",rk,3,458
Dragonskull Summit,"Now the great cloud hangs over all the land between here and the Mountains of Shadow; and it is deepening. War has already begun.
",now the great cloud hangs over all the land between here and the mountains of shadow; and it is deepening.,rk,3,549
Stalwarts of Osgiliath,the enemy must pay dearly for the crossing of the river,and the enemy must pay dearly for the crossing of the river.,rk,4,572
"Denethor, Ruling Steward",much must be risked in war,"much must be risked in war, said denethor.",rk,4,591
Protector of Gondor,orcs were digging deep trenches in a huge ring just out of bowshot of the walls while the men of minas tirith looked on unable to hinder them,"all day the labour went forward, while the men of minas tirith looked on, unable to hinder it.",rk,4,900
Siege-Gang Commander,They began to throw missiles that passed right above the battlement and fell thudding within the first circle of the City.,"as soon as the great catapults were set, with many yells and the creaking of rope and winch, they began to throw missiles marvellously high, so that they passed right above the battlement and fell thudding within the first circle of the city; and many of them by some secret art burst into flame as they came toppling down.",rk,4,924
Beregond of the Guard,"Beregond, if you can, do something to stop any dreadful thing from happening.
","but, beregond, if you can, do something to stop any dreadful thing happening.",rk,4,1172
Rampaging War Mammoth,"The MÃ»makil of Harad were great beasts, like moving houses, capable of dragging huge towers and engines to war.","there came great beasts, like moving houses in the red and fitful light, the mymakil of the harad dragging through the lanes amid the fires huge towers and engines.",rk,4,1199
Rise of the Witch-king,in rode the lord of the nazgÃ»l under the archway that no enemy ever yet had passed and all fled before his face,"in rode the lord of the nazgyl, under the archway that no enemy ever yet had passed, and all fled before his face.",rk,4,1255
Wose Pathfinder,road is forgotten but not by wild folk over hill and behind hill it lies still under grass and tree wild folk will show you that road,"over hill and behind hill it lies still under grass and tree, there behind rimmon and down to don, and back at the end to horse-mens road.",rk,5,162
"Ã‰omer, Marshal of Rohan",need brooks no delay yet late is better than never,"need brooks no delay, yet late is better than never, said jomer.",rk,5,324
"Merry, Esquire of Rohan",then suddenly merry felt it at last beyond doubt a change wind was in his face,"then suddenly merry felt it at last, beyond doubt: a change.",rk,5,429
Forth Eorlingas!,"A sword-day, a red day, ere the sun rises! Ride now, ride now! Ride to Gondor!","spear shall be shaken, shield be splintered, a sword-day, a red day, ere the sun rises!",rk,5,447
"Witch-king, Bringer of Ruin",no living man may hinder me,no living man may hinder me!,rk,6,115
Smite the Deathless,no living man am i,but no living man am i!,rk,6,119
Ã‰omer of the Riddermark,but northward the white crest of Ã©omer led the great front of the rohirrim which he had again gathered and marshaled,"but northward the white crest of jomer led the great front of the rohirrim which he had again gathered and marshalled; and out of the city came all the strength of men that was in it, and the silver swan of dol amroth was borne in the van, driving the enemy from the gate.",rk,6,233
Goblin Assailant,the fighting waxed furious on the fields of the pelennor and the din of arms rose upon high with the crying of men and the neighing of horses but the hosts of mordor were enheartened and filled with a new fury they came yelling to the onset,"and now the fighting waxed furious on the fields of the pelennor; and the din of arms rose upon high, with the crying of men and the neighing of horses.",rk,6,367
Pelargir Survivor,the corsairs are upon us back to the walls back to the city before all are overwhelmed,come back to the city before all are overwhelmed!,rk,6,418
Banishing Light,Before all went Aragorn with the Flame of the West," but before all went aragorn with the flame of the west, and®ril like a new fire kindled, narsil re-forged as deadly as of old: and upon his brow was the star of elendil.",rk,6,489
Palace Jailer,"Is it not a law in the City that those who wear the black and silver must stay in the Citadel?
","is it not a law in the city that those who wear the black and silver must stay in the citadel, unless their lord gives them leave?",rk,7,17
Dearly Departed,"The houses of the dead are no places for the living.
",the houses of the dead are no places for the living.,rk,7,122
"Denethor, Stone Seer","You may triumph on the field, for a day. But against the Power that now arises there is no victory.",but against the power that now arises there is no victory.,rk,7,199
Languish,"It seemed to the tenders of the sick that on the Halfling and on the Lady of Rohan this malady lay heavily. Soon they began to fall down into the darkness, and as the sun turned west, a grey shadow crept over their faces.","but soon they began to fall down into the darkness, and as the sun turned west a grey shadow crept over their faces.",rk,8,127
Ioreth of the Healing House,i have been too busy with this and that to heed all the crying and shouting all i hope is that those murdering devils do not come to this house and trouble the sick,all i hope is that those murdering devils do not come to this house and trouble the sick.,rk,8,156
The Black Breath,when the black breath blows deathâ€™s shadow grows,"when the black breath blows and deaths shadow grows and all lights pass, come athelas!",rk,8,385
The Shire,you must start somewhere and have some roots and the soil of the shire is deep,"it is best to love first what you are fitted to love, i suppose: you must start somewhere and have some roots, and the soil of the shire is deep.",rk,8,683
Port Town,"There at Pelargir lay the main fleet of Umbar, fifty great ships and smaller vessels beyond count.","there at pelargir lay the main fleet of umbar, fifty great ships and smaller vessels beyond count.",rk,9,220
Borne Upon a Wind,i looked on aragorn and thought how great and terrible a lord he might have become had he taken the ring for himself not for naught does mordor fear him,"in that hour i looked on aragorn and thought how great and terrible a lord he might have become in the strength of his will, had he taken the ring to himself.",rk,9,256
Prince Imrahil the Fair,the lord aragorn i hold to be my liege lord whether he claim it or no his wish is to me a command,"i will go- as for me, said imrahil,the lord aragorn i hold to be my liege-lord, whether he claim it or no.",rk,9,483
Karakas,"I stand in the place of the Steward of Gondor, and it is mine to think first of its people. Gondor must be protected.
","yet for a while i stand in the place of the steward of gondor, and it is mine to think first of its people.",rk,9,485
"Now for Wrath, Now for Ruin!",the captains of the west came at last to challenge the black gate and the might of mordor,"and so, since many men had already been left at the cross-roads, it was with less than six thousands that the captains of the west came at last to challenge the black gate and the might of mordor.",rk,10,198
Sauron's Ransom,he was dear to you i see and now he shall endure the slow torment of years,"and now he shall endure the slow torment of years, as long and slow as our arts in the great tower can contrive, and never be released, unless maybe when he is changed and broken, so that he may come to you, and you shall see what you have done.",rk,10,367
Warbeast of Gorgoroth,drums rolled fires leaped and great engines drawn by beasts crawled across the field,drums rolled and fires leaped up.,rk,10,431
Easterling Vanguard,an army of easterlings charged forth while from the hills poured orcs innumerable,down from the hills on either side of the morannon poured ores innumerable.,rk,10,439
March from the Black Gate,like a storm they broke upon the line of the men of gondor,"like a storm they broke upon the line of the men of gondor, and beat upon helm and head, and arm and shield as smiths hewing the hot bending iron.",rk,10,497
Pippin's Bravery,pippin stabbed upwards and the written blade of westernesse pierced through the hide and went deep into the vitals of the troll,"then pippin stabbed upwards, and the written blade of westernesse pierced through the hide and went deep into the vitals of the troll, and his black blood came gushing out.",rk,10,504
Fumigate,"The one small garden of a free gardener was all Samâ€™s need and due, not a garden swollen to a realm; his own hands to use, not the hands of others to command.","the one small garden of a free gardener was all his need and due, not a garden swollen to a realm; his own hands to use, not the hands of others to command.",rk,11,226
Treasure Nabber,"To his dismay, he could not both fight and keep hold of his treasure.",and shagrat could not both fight and keep hold of his treasure.,rk,11,532
Call of the Ring,the ring is mine,the ring is mine,rk,13,677
Crumbling Necropolis,"As Frodo put on the Ring and claimed it for his own, the Power in Barad-dÃ»r was shaken, and the Tower trembled from its foundations to its proud and bitter crown.","and far away, as frodo put on the ring and claimed it for his own, even in sammath naur the very heart of his realm, the power in barad-dyr was shaken, and the tower trembled from its foundations to its proud and bitter crown.",rk,13,689
Shadow of the Enemy,as frodo put on the ring sauron was suddenly aware of the magnitude of his own folly his wrath blazed in consuming flame but his fear rose like black smoke,"then his wrath blazed in consuming flame, but his fear rose like a vast black smoke to choke him.",rk,13,693
Go for the Throat,"Precious, precious, precious!","precious, precious, precious!",rk,13,728
Anguished Unmaking,"There was a roar and a great confusion of noise. Fires leaped up and licked the roof. The throbbing grew to a great tumult, and the Mountain shook.","the throbbing grew to a great tumult, and the mountain shook.",rk,13,736
Cast into the Fire,but for gollum i could not have destroyed the ring so let us forgive him for the quest is achieved and now all is over,"but for him, sam, i could not have destroyed the ring.",rk,13,777
Gwaihir the Windlord,there came gwaihir the windlord greatest of all the eagles of the north mightiest of the descendants of old thorondor,"there came gwaihir the windlord, and landroval his brother, greatest of all the eagles of the north, mightiest of the descendants of old thorondor, who built his eyries in the inaccessible peaks of the encircling mountains when middle-earth was young.",rk,14,28
Shared Animosity,"Out from the beleaguered hills, knights of Gondor, Riders of Rohan, and DÃºnedain of the North drove against their wavering foes, piercing the press with the thrust of bitter spears.","out from the beleaguered hills knights of gondor, riders of rohan, dÂ®nedain of the north, close-serried companies, drove against their wavering foes, piercing the press with the thrust of bitter spears.",rk,14,50
Terramorphic Expanse,"The earth groaned and quaked. The Towers of the Teeth swayed, tottered, and fell down. The mighty rampart crumbled and the Black Gate was hurled in ruin.",the earth groaned and quaked.,rk,14,58
Earthquake,"From far away, now dim, now growing, now mounting to the clouds, there came a drumming rumble, a roar, a long echoing roll of ruinous noise.","the towers of the teeth swayed, tottered, and fell down; the mighty rampart crumbled; the black gate was hurled in ruin; and from far away, now dim, now growing, now mounting to the clouds, there came a drumming rumble, a roar, a long echoing roll of ruinous noise.",rk,14,64
Champions of Minas Tirith,The Realm of Sauron is ended forever!,"this is my tale, and it is ended now.",rk,14,66
Supreme Verdict,"There rose a huge shape of shadow, impenetrable, lightning-crowned, filling all the sky. Enormous it reared above the world, terrible but impotent: for even as it leaned over them, a great wind took it, and it was all blown away.","enormous it reared above the world, and stretched out towards them a vast threatening hand, terrible but impotent: for even as it leaned over them, a great wind took it, and it was all blown away, and passed; and then a hush fell.",rk,14,73
Shineshadow Snarl,Behold! The power of Mordor was scattering like dust in the wind.,their enemies were flying and the power of mordor was scattering like dust in the wind.,rk,14,77
"Meneldor, Swift Savior",then come we have need of speed greater than any wind outmatching the wings of the nazgÃ»l,"for we have need of speed greater than any wind, outmatching the wings of the nazgyl.",rk,14,108
"Landroval, Horizon Witness",he passed over udÃ»n and gorgoroth and saw all the land in ruin and tumult beneath him and before him mount doom blazing pouring out its fire,"and they passed over udyn and gorgoroth and saw all the land in ruin and tumult beneath them, and before them mount doom blazing, pouring out its fire.",rk,14,116
Lost Isle Calling,to the sea to the sea,to the sea!,rk,14,478
Ithilien Kingfisher,after their reunion the hobbits spent many days in ithilien the stream that flowed from the falls of henneth annÃ»n could be heard in the night as it rushed down through its rocky gate,"for the field of cormallen, where the host was now encamped was near to henneth annyn, and the stream that flowed from its falls could be heard in the night as it rushed down through its rocky gate, and passed through the flowery meads into the tides of anduin by the isle of cair andros.",rk,14,515
Frontline Medic,The world is full enough of hurts and mischances without wars to multiply them.,though we should still have enough to do without them: the world is full enough of hurts and mischances without wars to multiply them.,rk,15,39
Reprieve,as faramir and Ã©owyn stood so their hands met and clasped though they did not know it,"and as they stood so, their hands met and clasped, though they did not know it.",rk,15,243
Furycalm Snarl,"The Shadow departed, and the Sun was unveiled, and light leaped forth.","and the shadow departed, and the sun was unveiled, and light leaped forth; and the waters of anduin shone like silver, and in all the houses of the city men sang for the joy that welled up in their hearts from what source they could not tell.",rk,15,280
"Faramir, Steward of Gondor",The last Steward of Gondor begs leave to surrender his office.,"faramir met aragorn in the midst of those there assembled, and he knelt, and said:the last steward of gondor begs leave to surrender his office.",rk,15,490
"Aragorn, King of Gondor","In this place will I abide, and my heirs, unto the ending of the world.","in this place will i abide, and my heirs, unto the ending of the world.",rk,15,539
"Faramir, Prince of Ithilien",the city was made more fair than it had ever been even in the days of its first glory,NA,rk,15,584
Prairie Stream,"Aragorn saw the River like a ribbon laid down to Pelargir, and beyond that was a light on the sky that spoke of the Sea. And Gandalf said: This is your realm, and the heart of the greater realm that shall be.","and gandalf said: this is your realm, and the heart of the greater realm that shall be.",rk,15,714
Flowering of the White Tree,aragorn planted the new tree in the court by the fountain and swiftly and gladly it began to grow,"and aragorn planted the new tree in the court by the fountain, and swiftly and gladly it began to grow; and when the month of june entered in it was laden with blossom.",rk,15,777
"Aragorn and Arwen, Wed",aragorn the king elessar wedded arwen undÃ³miel and the tale of their long waiting and labors came to fulfillment,"and aragorn the king elessar wedded arwen undumiel in the city of the kings upon the day of midsummer, and the tale of their long waiting and labours was come to fulfilment.",rk,15,819
Many Partings,for you in all the lands of the west there will ever be a welcome dearest friend,"well, dearest friend, the tree grows best in the land of its sires; but for you in all the lands of the west there will ever be a welcome.",rk,16,15
Arwen's Gift,wear this now in memory of elfstone and evenstar with whom your life has been woven,but wear this now in memory of elfstone and evenstar with whom your life has been woven!,rk,16,53
Weathered Wayfarer,"The Forest of DrÃºadan was granted to GhÃ¢n-buri-GhÃ¢n and his folk, to be their own forever.","the forest of drÂ®adan he gives to ghvn-buri-ghvn and to his folk, to be their own for ever; and hereafter let no man enter it without their leave!",rk,16,122
Dawn of Hope,"Hope he rekindled, and in hope ended; over death, over dread, over doom lifted out of loss, out of life, unto long glory.
","hope he rekindled, and in hope ended; over death, over dread, over doom lifted out of loss, out of life, unto long glory.",rk,16,157
Necroblossom Snarl,"Merry stood at the foot of the green mound, and he wept.","but merry stood at the foot of the green mound, and he wept, and when the song was ended he arose and cried: thjoden king, thjoden king!",rk,16,162
Talisman of Conviction,Faramir and Ã‰owyn stood forth and set hand in hand; and all there drank to them and were glad.,and faramir and jowyn stood forth and set hand in hand; and all there drank to them and were glad.,rk,16,204
Talisman of Progress,"Thus is the friendship of the Mark and of Gondor bound with a new bond, and the more do I rejoice.
","thus, said jomer,is the friendship of the mark and of gondor bound with a new bond, and the more do i rejoice.",rk,16,205
Horn of the Mark,he that blows this horn shall set fear in the hearts of his enemies and joy in the hearts of his friends,"he that blows it at need shall set fear in the hearts of his enemies and joy in the hearts of his friends, and they shall hear him and come to him.",rk,16,251
Entish Restoration,welcome to the treegarth of orthanc,welcome to the treegarth of orthanc!,rk,16,281
Cloudstone Curio,"Aragorn took the green stone and held it up, and there came a green fire from his hand.","then aragorn took the green stone and held it up, and there came a green fire from his hand.",rk,16,476
Pillar of the Paruns,"The Road goes ever on and on,
Down from the door where it began.
Now far ahead the Road has gone,
And I must follow, if I can.
",the road goes ever on and on out from the door where it began.,rk,16,767
Homeward Path,"Let others a journey new begin,
But I at last with weary feet
Will turn towards the lighted inn,
My evening-rest and sleep to meet.
","let them a journey new begin, but i at last with weary feet will turn towards the lighted inn, my evening-rest and sleep to meet.",rk,16,778
Scoured Barrens,At length they came to Weathertop; and it was then drawing towards evening and the shadow of the hill lay dark on the road.,at length they came to weathertop; and it was then drawing towards evening and the shadow of the hill lay dark on the road.,rk,17,33
"Lotho, Corrupt Shirriff",whatever is wrong in the shire lotho will be at the bottom of it you can be sure of that,"theres a general shortage of pipe- weed.' whatever it is, said pippin,fotho will be at the bottom of it: you can be sure of that.",rk,17,380
Fortified Village,"At either end of the Bridge there was a great spiked gate, very gloomy and un-Shirelike.","at either end of the bridge there was a great spiked gate; and on the further side of the river they could see that some new houses had been built: two-storeyed with narrow straight- sided windows, bare and dimly lit, all very gloomy and un-shirelike.",rk,18,9
Shire Shirriff,youâ€™re arrested for gatebreaking and tearing up of rules and trespassing and bribing guards with food,"baggins, said the leader of the shirriffs, a two-feather hobbit:youre arrested for gate-breaking, and tearing up of rules, and assaulting gate-keepers, and trespassing, and sleeping in shire-buildings without feave, and bribing guards with food.",rk,18,185
Isolated Chapel,"The Shirrif-house had only one story, narrow windows, and was built of ugly pale bricks, badly laid.","it had only one storey, but it had the same narrow windows, and it was built of ugly pale bricks, badly laid.",rk,18,295
Well of Lost Dreams,"This was Frodo and Samâ€™s own country, and they found out now that they cared about it more than any other place in the world.","this was frodo and sams own country, and they found out now that they cared about it more than any other place in the world.",rk,18,349
Ash Barrens,"The pleasant row of old Hobbit-holes in the bank on the north side of the Pool were deserted, and their little gardens that used to run down bright to the waterâ€™s edge were rank with weeds.","the pleasant row of old hobbit-holes in the bank on the north side of the pool were deserted, and their little gardens that used to run down bright to the waters edge were rank with weeds.",rk,18,355
Notion Thief,"Thatâ€™s your tone, is it? Change it, or weâ€™ll change it for you. You little folk are getting too uppish.",you little folk are getting too uppish.,rk,18,401
Elvish Mariner,in the days of the kings most of the high elves dwelt with cÃ­rdan or in the seaward lands of lindon,"you are speaking to the kings friend, and one of the most renowned in all the lands of the west.",rk,18,444
DÃºnedain Blade,the sword glinted in the westering sun,the sword glinted in the westering sun.,rk,18,448
Call for Unity,"Go! If you trouble us again, you will regret it.
","if you trouble this village again, you will regret it.",rk,18,456
Farmer Cotton,So itâ€™s begun at last! Iâ€™ve been itching for trouble all this year.,"ive been itching for trouble all this year, but folks wouldnt help.",rk,18,566
Access Tunnel,"See you soon! Iâ€™ll bring you back an army of Tooks in the morning.
",ill bring you back an army of tooks in the morning.,rk,18,688
Nimble Hobbit,the ruffian knew too little of hobbits to understand his peril foolishly he decided to fight,he knew too little of hobbits to understand his peril.,rk,18,757
Took Reaper,the tooks came a hundred strong from tuckborough and the green hills,"before long they marched in, a hundred strong, from tuckborough and the green hills with pippin at their head.",rk,18,964
The Battle of Bywater,the tooks marched in with pippin at their head merry now had enough sturdy hobbitry to deal with the ruffians,merry now had enough sturdy hobbitry to deal with the ruffians.,rk,18,965
Toxic Deluge,"Even Samâ€™s vision in the Mirror had not prepared him. The Old Grange on the west side had been knocked down, and its place taken by rows of tarred sheds. All the chestnuts were gone. The banks and hedgerows were broken.","the old grange on the west side had been knocked down, and its place taken by rows of tarred sheds.",rk,18,1066
Subjugate the Hobbits,"This is worse than Mordor! Much worse, in a way. It comes home to you, as they say, because it is a home, and you remember it before it was all ruined.
","it comes home to you, as they say; because it is home, and you remember it before it was all ruined.",rk,18,1132
Spiteful Banditry,one ill turn deserves another," one ill turn deserves another."" it would have been a sharper lesson, if only you had given me a little more time and more men.",rk,18,1173
Nasty End,and thatâ€™s the end of that a nasty end for saruman and i wish i neednâ€™t have seen it but itâ€™s a good riddance,"a nasty end, and i wish i neednt have seen it; but its a good riddance.' and the very last end of the war, i hope, said merry.",rk,18,1278
Humble Defector,"The few survivors were rounded up in the woods, and those who surrendered were shown to the borders.","before the years end the few survivors were rounded up in the woods, and those that surrendered were shown to the borders.",rk,19,46
Seeds of Renewal,"Sam planted the little silver nut in the Party Field where the tree had once been, and he wondered what would come of it.",the little silver nut he planted in the party field where the tree had once been; and he wondered what would come of it.,rk,19,122
Rampant Growth,All through the winter Sam remained as patient as he could. Spring surpassed his wildest hopes.,spring surpassed his wildest hopes.,rk,19,126
Revive the Shire,in the party field a beautiful young sapling leaped up it was indeed a mallorn and it was the wonder of the neighborhood,in the party field a beautiful young sapling leaped up: it had silver bark and long leaves and burst into golden flowers in april.,rk,19,129
The Grey Havens,there dwelt cÃ­rdan the shipwright and some say he dwells there still until the last ship sets sail into the west,"i dwelt there once, and still i return when i may.",rk,19,495
Glorious Gale,the elves of lÃ³rien took dol guldur galadriel threw down its walls and laid bare its pits and the forest was cleansed,"down the ladder they climbed, and then sam took it and laid it in the passage beside the huddled body of the fallen ore.",rk,20,931
Elanor Gardner,her father samwise gave her the red book for safekeeping before he sailed into the west,"he fell silent, gazing north and west into the gathering night for a long while.",rk,21,1000
"Arwen, Weaver of Hope","From afar, Arwen watched over Aragorn, and in hope, she made for him a great and kingly standard.",NA,NA,NA,NA
Sword of the Animist,"My heart rejoices; for you, Estel, shall be among the great whose valor will destroy the Shadow.",NA,NA,NA,NA
Opt,"They looked east to the Shadow and west to the Twilight, and they plighted their troth and were glad.",NA,NA,NA,NA
Hinterland Harbor,"Legolas built a grey ship in Ithilien, and sailed down Anduin and so over Sea; and with him, it was said, went Gimli the Dwarf.",NA,NA,NA,NA
